id,created_at,filename,stored_path,mime_type,width,height,prediction,prob_ai,prob_nature,confidence,source,inference_time_ms,model_version,ground_truth_label,generator_label,file_size,blur_score
223,2025-10-29T09:54:16.371457+00:00,image-11.jpg,b54f05fcd7d84e7ba9020f5eac461cd3.jpg,image/jpeg,178,218,nature,0.02416049689054489,0.9758394956588745,0.9758394956588745,upload,51.044208001258085,"{""model_name"": ""swin_tiny_patch4_window7_224"", ""model_path"": ""models/regularized_training/model_swin_t_regularized.pth"", ""checksum"": ""3a9a2f9b6ec5"", ""head"": ""linear""}",,,4880,0.028402873364581374
222,2025-10-29T09:54:06.881647+00:00,image-8.jpg,6be1cb14650e4ffeb6a44469b0e7cdc1.jpg,image/jpeg,178,218,nature,0.04425213858485222,0.9557479023933411,0.9557479023933411,upload,41.02312499890104,"{""model_name"": ""swin_tiny_patch4_window7_224"", ""model_path"": ""models/regularized_training/model_swin_t_regularized.pth"", ""checksum"": ""3a9a2f9b6ec5"", ""head"": ""linear""}",,,7318,0.07364179152745523
221,2025-10-29T09:54:02.006447+00:00,image-7.jpg,0df43cc8b52e40a7a73aabb5edbfb718.jpg,image/jpeg,178,218,nature,0.06522515416145325,0.9347748756408691,0.9347748756408691,upload,36.69850000005681,"{""model_name"": ""swin_tiny_patch4_window7_224"", ""model_path"": ""models/regularized_training/model_swin_t_regularized.pth"", ""checksum"": ""3a9a2f9b6ec5"", ""head"": ""linear""}",,,8167,0.07681722725168823
220,2025-10-29T09:53:46.793663+00:00,92a6faa20998457f8cb53b7effb4588b.jpg,bfd540fe03324c7fac01c793acd661b7.jpg,image/jpeg,512,512,ai,0.7902705669403076,0.20972950756549835,0.7902705669403076,upload,36.15179100233945,"{""model_name"": ""swin_tiny_patch4_window7_224"", ""model_path"": ""models/regularized_training/model_swin_t_regularized.pth"", ""checksum"": ""3a9a2f9b6ec5"", ""head"": ""linear""}",,,78960,0.03580219044404871
219,2025-10-29T09:53:29.572994+00:00,002686.jpg,1ffd762c9be64c708ee2ded5cf3be910.jpg,image/jpeg,512,512,ai,0.8592362403869629,0.14076384902000427,0.8592362403869629,upload,40.32720800023526,"{""model_name"": ""swin_tiny_patch4_window7_224"", ""model_path"": ""models/regularized_training/model_swin_t_regularized.pth"", ""checksum"": ""3a9a2f9b6ec5"", ""head"": ""linear""}",,,62038,0.019069477156096814
218,2025-10-29T09:53:23.661356+00:00,002669.jpg,146b0c87e45e4a6896c3cae0781b6b10.jpg,image/jpeg,512,512,ai,0.7800493836402893,0.2199506312608719,0.7800493836402893,upload,47.946750000846805,"{""model_name"": ""swin_tiny_patch4_window7_224"", ""model_path"": ""models/regularized_training/model_swin_t_regularized.pth"", ""checksum"": ""3a9a2f9b6ec5"", ""head"": ""linear""}",,,65591,0.021570557239008886
217,2025-10-29T09:53:17.650857+00:00,002667.jpg,c0cb6aaa574a43798ab4516dc5fc3fdc.jpg,image/jpeg,512,512,ai,0.8036455512046814,0.19635441899299622,0.8036455512046814,upload,47.67166699821246,"{""model_name"": ""swin_tiny_patch4_window7_224"", ""model_path"": ""models/regularized_training/model_swin_t_regularized.pth"", ""checksum"": ""3a9a2f9b6ec5"", ""head"": ""linear""}",,,55213,0.016774585200291053
216,2025-10-29T09:53:11.092683+00:00,002656.jpg,787d9d8996a5446487761dbcde059d15.jpg,image/jpeg,512,512,ai,0.5624274611473083,0.43757253885269165,0.5624274611473083,upload,39.93054199963808,"{""model_name"": ""swin_tiny_patch4_window7_224"", ""model_path"": ""models/regularized_training/model_swin_t_regularized.pth"", ""checksum"": ""3a9a2f9b6ec5"", ""head"": ""linear""}",,,54852,0.013951933617685356
215,2025-10-29T09:53:06.907359+00:00,002657.jpg,b133d8eb5eeb4965ac7a49db21833dfe.jpg,image/jpeg,512,512,ai,0.9411715269088745,0.058828458189964294,0.9411715269088745,upload,39.20362500139163,"{""model_name"": ""swin_tiny_patch4_window7_224"", ""model_path"": ""models/regularized_training/model_swin_t_regularized.pth"", ""checksum"": ""3a9a2f9b6ec5"", ""head"": ""linear""}",,,64126,0.018819307813457413
214,2025-10-29T09:53:01.802452+00:00,002653.jpg,633752fc2aad4bd883fb40f744e246b4.jpg,image/jpeg,512,512,nature,0.5052818059921265,0.4947182238101959,0.5052818059921265,upload,43.17887500292272,"{""model_name"": ""swin_tiny_patch4_window7_224"", ""model_path"": ""models/regularized_training/model_swin_t_regularized.pth"", ""checksum"": ""3a9a2f9b6ec5"", ""head"": ""linear""}",,,58705,0.022172247194776347
213,2025-10-29T09:52:56.048670+00:00,002645.jpg,6b5ce426b4d6482ab3daa3c1dbb88647.jpg,image/jpeg,512,512,nature,0.4216609001159668,0.578339159488678,0.578339159488678,upload,44.04320799949346,"{""model_name"": ""swin_tiny_patch4_window7_224"", ""model_path"": ""models/regularized_training/model_swin_t_regularized.pth"", ""checksum"": ""3a9a2f9b6ec5"", ""head"": ""linear""}",,,54368,0.01572434668447457
212,2025-10-29T09:52:50.139265+00:00,002633.jpg,2f4a4d44da354487a861d279710084c5.jpg,image/jpeg,512,512,ai,0.7924966812133789,0.2075033336877823,0.7924966812133789,upload,46.53333299938822,"{""model_name"": ""swin_tiny_patch4_window7_224"", ""model_path"": ""models/regularized_training/model_swin_t_regularized.pth"", ""checksum"": ""3a9a2f9b6ec5"", ""head"": ""linear""}",,,53958,0.020359383377374387
211,2025-10-29T09:52:45.010171+00:00,002619.jpg,c733b3a259f84d99a86abf8ad636cb0a.jpg,image/jpeg,512,512,nature,0.0650710016489029,0.9349289536476135,0.9349289536476135,upload,52.58629200034193,"{""model_name"": ""swin_tiny_patch4_window7_224"", ""model_path"": ""models/regularized_training/model_swin_t_regularized.pth"", ""checksum"": ""3a9a2f9b6ec5"", ""head"": ""linear""}",,,68771,0.027359562294155943
210,2025-10-29T09:52:33.962134+00:00,002579.jpg,612afcbee35841f78664c98d7336e737.jpg,image/jpeg,512,512,ai,0.7221558690071106,0.2778441309928894,0.7221558690071106,upload,43.95737499726238,"{""model_name"": ""swin_tiny_patch4_window7_224"", ""model_path"": ""models/regularized_training/model_swin_t_regularized.pth"", ""checksum"": ""3a9a2f9b6ec5"", ""head"": ""linear""}",,,68435,0.025075276692708332
209,2025-10-29T09:52:23.495240+00:00,002551.jpg,e21442524c8448b6bc132c8e272c7149.jpg,image/jpeg,512,512,nature,0.10096506029367447,0.8990349173545837,0.8990349173545837,upload,36.156875001324806,"{""model_name"": ""swin_tiny_patch4_window7_224"", ""model_path"": ""models/regularized_training/model_swin_t_regularized.pth"", ""checksum"": ""3a9a2f9b6ec5"", ""head"": ""linear""}",,,77380,0.03277554979511336
208,2025-10-29T09:52:12.307610+00:00,002408.jpg,72a65c51f96445498688b64a73351c44.jpg,image/jpeg,512,512,nature,0.5347172617912292,0.46528273820877075,0.5347172617912292,upload,33.71720899667707,"{""model_name"": ""swin_tiny_patch4_window7_224"", ""model_path"": ""models/regularized_training/model_swin_t_regularized.pth"", ""checksum"": ""3a9a2f9b6ec5"", ""head"": ""linear""}",,,46007,0.01616363525390625
207,2025-10-29T09:52:05.214337+00:00,002407.jpg,65c0ac8a80dd4c22b523fd3560200f5b.jpg,image/jpeg,512,512,nature,0.5155510902404785,0.4844488799571991,0.5155510902404785,upload,39.866040999186225,"{""model_name"": ""swin_tiny_patch4_window7_224"", ""model_path"": ""models/regularized_training/model_swin_t_regularized.pth"", ""checksum"": ""3a9a2f9b6ec5"", ""head"": ""linear""}",,,62164,0.020950840968711703
206,2025-10-29T09:51:37.801079+00:00,002216.jpg,cf01b22024c04c0089e1706c7c5870f7.jpg,image/jpeg,512,512,ai,0.6971278190612793,0.3028721809387207,0.6971278190612793,upload,43.90995799985831,"{""model_name"": ""swin_tiny_patch4_window7_224"", ""model_path"": ""models/regularized_training/model_swin_t_regularized.pth"", ""checksum"": ""3a9a2f9b6ec5"", ""head"": ""linear""}",,,55123,0.01938464594822304
205,2025-10-29T09:51:11.827441+00:00,002036.jpg,52a8d369cc6741b6852eb40dc2b09ae6.jpg,image/jpeg,512,512,nature,0.4835156202316284,0.5164843797683716,0.5164843797683716,upload,37.68750000017462,"{""model_name"": ""swin_tiny_patch4_window7_224"", ""model_path"": ""models/regularized_training/model_swin_t_regularized.pth"", ""checksum"": ""3a9a2f9b6ec5"", ""head"": ""linear""}",,,40618,0.00879971373314951
204,2025-10-29T09:50:58.048944+00:00,004232.jpg,e9bf6e117e2d41659d5076f78c56f233.jpg,image/jpeg,512,512,nature,0.2700231075286865,0.7299768924713135,0.7299768924713135,upload,36.33283299859613,"{""model_name"": ""swin_tiny_patch4_window7_224"", ""model_path"": ""models/regularized_training/model_swin_t_regularized.pth"", ""checksum"": ""3a9a2f9b6ec5"", ""head"": ""linear""}",,,57115,0.020151459937002146
203,2025-10-29T09:50:49.555017+00:00,004188.jpg,c579bc1071614a37aaa38634cdcecab2.jpg,image/jpeg,512,512,nature,0.2754098176956177,0.7245901823043823,0.7245901823043823,upload,34.61833400069736,"{""model_name"": ""swin_tiny_patch4_window7_224"", ""model_path"": ""models/regularized_training/model_swin_t_regularized.pth"", ""checksum"": ""3a9a2f9b6ec5"", ""head"": ""linear""}",,,40598,0.018253565769569546
202,2025-10-29T09:50:30.188843+00:00,000267.jpg,98a0d5bf20ce4aa492383f8a993af2ec.jpg,image/jpeg,512,512,ai,0.6350434422492981,0.36495646834373474,0.6350434422492981,upload,41.91454200190492,"{""model_name"": ""swin_tiny_patch4_window7_224"", ""model_path"": ""models/regularized_training/model_swin_t_regularized.pth"", ""checksum"": ""3a9a2f9b6ec5"", ""head"": ""linear""}",,,47182,0.01638309254365809
201,2025-10-29T09:50:20.828930+00:00,000060.jpg,ad3ec7cbea724db58b94575ca932a5b4.jpg,image/jpeg,512,512,ai,0.8009551763534546,0.19904477894306183,0.8009551763534546,upload,47.07516700000269,"{""model_name"": ""swin_tiny_patch4_window7_224"", ""model_path"": ""models/regularized_training/model_swin_t_regularized.pth"", ""checksum"": ""3a9a2f9b6ec5"", ""head"": ""linear""}",,,46508,0.012551984599992341
200,2025-10-29T09:50:08.511597+00:00,000157.jpg,3bbc242524384fe180e87c2c987f3131.jpg,image/jpeg,512,512,ai,0.923318088054657,0.07668191939592361,0.923318088054657,upload,38.79912499905913,"{""model_name"": ""swin_tiny_patch4_window7_224"", ""model_path"": ""models/regularized_training/model_swin_t_regularized.pth"", ""checksum"": ""3a9a2f9b6ec5"", ""head"": ""linear""}",,,45120,0.018164331772748163
199,2025-10-29T09:50:03.168268+00:00,000104.jpg,80fd7db8bf5a49fc9461a7323a5a2baf.jpg,image/jpeg,512,512,nature,0.1951378583908081,0.8048621416091919,0.8048621416091919,upload,41.65833300066879,"{""model_name"": ""swin_tiny_patch4_window7_224"", ""model_path"": ""models/regularized_training/model_swin_t_regularized.pth"", ""checksum"": ""3a9a2f9b6ec5"", ""head"": ""linear""}",,,46807,0.023514721440333945
198,2025-10-29T09:49:56.611331+00:00,000062.jpg,3d7f348af82e4222a9854033c7b4e44f.jpg,image/jpeg,512,512,nature,0.40716519951820374,0.5928347110748291,0.5928347110748291,upload,41.595582999434555,"{""model_name"": ""swin_tiny_patch4_window7_224"", ""model_path"": ""models/regularized_training/model_swin_t_regularized.pth"", ""checksum"": ""3a9a2f9b6ec5"", ""head"": ""linear""}",,,46853,0.014413167916092219
197,2025-10-29T09:49:40.261782+00:00,000165.jpg,439e902ce5dc4b248bd157fad6d45280.jpg,image/jpeg,512,512,nature,0.3786975145339966,0.6213024258613586,0.6213024258613586,upload,32.18754100089427,"{""model_name"": ""swin_tiny_patch4_window7_224"", ""model_path"": ""models/regularized_training/model_swin_t_regularized.pth"", ""checksum"": ""3a9a2f9b6ec5"", ""head"": ""linear""}",,,49571,0.012770484475528492
196,2025-10-29T09:49:10.622635+00:00,000109.jpg,e1eed776bd084acb86496773a68d062a.jpg,image/jpeg,512,512,ai,0.943118155002594,0.056881774216890335,0.943118155002594,upload,44.228249997104285,"{""model_name"": ""swin_tiny_patch4_window7_224"", ""model_path"": ""models/regularized_training/model_swin_t_regularized.pth"", ""checksum"": ""3a9a2f9b6ec5"", ""head"": ""linear""}",,,74342,0.02798189649394914
195,2025-10-29T09:48:06.414586+00:00,949d5ae7ee704f22bab5d3bc5b2ac270.jpg,20ba75011d1d44c0a2f31a906b5c4d17.jpg,image/jpeg,512,512,nature,0.4727010726928711,0.5272989273071289,0.5272989273071289,upload,36.186042001645546,"{""model_name"": ""swin_tiny_patch4_window7_224"", ""model_path"": ""models/regularized_training/model_swin_t_regularized.pth"", ""checksum"": ""3a9a2f9b6ec5"", ""head"": ""linear""}",,,34197,0.008947379916321998
194,2025-10-29T09:47:49.898494+00:00,image-14.jpg,59d8b9fb6da1493784074cb9f7e38833.jpg,image/jpeg,178,218,nature,0.2867853045463562,0.7132146954536438,0.7132146954536438,upload,32.60883300026762,"{""model_name"": ""swin_tiny_patch4_window7_224"", ""model_path"": ""models/regularized_training/model_swin_t_regularized.pth"", ""checksum"": ""3a9a2f9b6ec5"", ""head"": ""linear""}",,,8101,0.09571956398269028
193,2025-10-29T09:47:44.898031+00:00,image-9.jpg,3d290eaba8ea4c128540f7c74c03681f.jpg,image/jpeg,178,218,nature,0.07707903534173965,0.9229210019111633,0.9229210019111633,upload,26.35345800081268,"{""model_name"": ""swin_tiny_patch4_window7_224"", ""model_path"": ""models/regularized_training/model_swin_t_regularized.pth"", ""checksum"": ""3a9a2f9b6ec5"", ""head"": ""linear""}",,,7156,0.07414962273951947
192,2025-10-29T09:47:39.534226+00:00,image-8.jpg,c7c79ff2838342d9ba8ad7dbc5f505dd.jpg,image/jpeg,178,218,nature,0.04425213858485222,0.9557479023933411,0.9557479023933411,upload,29.490917000657646,"{""model_name"": ""swin_tiny_patch4_window7_224"", ""model_path"": ""models/regularized_training/model_swin_t_regularized.pth"", ""checksum"": ""3a9a2f9b6ec5"", ""head"": ""linear""}",,,7318,0.07364179152745523
191,2025-10-29T09:47:32.672096+00:00,image-4.jpg,090a97e0ee6a4fb3ae1c8af5c6ae87c6.jpg,image/jpeg,1024,1024,ai,0.9849847555160522,0.015015246346592903,0.9849847555160522,upload,47.58995799784316,"{""model_name"": ""swin_tiny_patch4_window7_224"", ""model_path"": ""models/regularized_training/model_swin_t_regularized.pth"", ""checksum"": ""3a9a2f9b6ec5"", ""head"": ""linear""}",,,95268,0.02683531817267923
190,2025-10-29T09:47:24.403874+00:00,image-7.jpg,a7c880f363e442bba993587f239463e0.jpg,image/jpeg,178,218,nature,0.06522515416145325,0.9347748756408691,0.9347748756408691,upload,32.92070800307556,"{""model_name"": ""swin_tiny_patch4_window7_224"", ""model_path"": ""models/regularized_training/model_swin_t_regularized.pth"", ""checksum"": ""3a9a2f9b6ec5"", ""head"": ""linear""}",,,8167,0.07681722725168823
189,2025-10-29T09:46:59.528961+00:00,92a6faa20998457f8cb53b7effb4588b.jpg,202d547d386448bc8bb734eac2559ae4.jpg,image/jpeg,512,512,ai,0.7902705669403076,0.20972950756549835,0.7902705669403076,upload,50.84016600085306,"{""model_name"": ""swin_tiny_patch4_window7_224"", ""model_path"": ""models/regularized_training/model_swin_t_regularized.pth"", ""checksum"": ""3a9a2f9b6ec5"", ""head"": ""linear""}",,,78960,0.03580219044404871
188,2025-10-29T09:43:08.606855+00:00,image-15.jpg,a9e1942090a84982b5252ea54337e9d1.jpg,image/jpeg,800,800,ai,0.9845000505447388,0.015499881468713284,0.9845000505447388,upload,55.173415999888675,"{""model_name"": ""swin_tiny_patch4_window7_224"", ""model_path"": ""models/regularized_training/model_swin_t_regularized.pth"", ""checksum"": ""3a9a2f9b6ec5"", ""head"": ""linear""}",,,78321,0.03803491421568628
187,2025-10-29T09:42:04.201605+00:00,image-15.jpg,dbfc3e2c90f646a99b6a134407b26a9a.jpg,image/jpeg,800,800,ai,0.9845000505447388,0.015499881468713284,0.9845000505447388,upload,48.99008299980778,"{""model_name"": ""swin_tiny_patch4_window7_224"", ""model_path"": ""models/regularized_training/model_swin_t_regularized.pth"", ""checksum"": ""3a9a2f9b6ec5"", ""head"": ""linear""}",,,78321,0.03803491421568628
186,2025-10-29T09:41:59.046410+00:00,image.jpg,7f3e91ea8ebd4023a66f52b7951f9519.jpg,image/jpeg,178,218,nature,0.06848129630088806,0.9315186738967896,0.9315186738967896,upload,190.82808299936005,"{""model_name"": ""swin_tiny_patch4_window7_224"", ""model_path"": ""models/regularized_training/model_swin_t_regularized.pth"", ""checksum"": ""3a9a2f9b6ec5"", ""head"": ""linear""}",,,6902,0.0737050556744706
185,2025-10-29T09:29:58.224417+00:00,image-14.jpg,f7350be90a104f38840ef26104beb258.jpg,image/jpeg,178,218,nature,0.2867853045463562,0.7132146954536438,0.7132146954536438,upload,34.16045799895073,"{""model_name"": ""swin_tiny_patch4_window7_224"", ""model_path"": ""models/regularized_training/model_swin_t_regularized.pth"", ""checksum"": ""3a9a2f9b6ec5"", ""head"": ""linear""}",,,8101,0.09571956398269028
184,2025-10-29T09:29:53.778606+00:00,image-15.jpg,defbb7d47d2445669c6df301d3340f84.jpg,image/jpeg,800,800,ai,0.9845000505447388,0.015499881468713284,0.9845000505447388,upload,52.711374999489635,"{""model_name"": ""swin_tiny_patch4_window7_224"", ""model_path"": ""models/regularized_training/model_swin_t_regularized.pth"", ""checksum"": ""3a9a2f9b6ec5"", ""head"": ""linear""}",,,78321,0.03803491421568628
183,2025-10-29T09:29:03.857307+00:00,image-4.jpg,62a5e8fd64224ccf89c0654980fc8678.jpg,image/jpeg,1024,1024,ai,0.9849847555160522,0.015015246346592903,0.9849847555160522,upload,259.8813340009656,"{""model_name"": ""swin_tiny_patch4_window7_224"", ""model_path"": ""models/regularized_training/model_swin_t_regularized.pth"", ""checksum"": ""3a9a2f9b6ec5"", ""head"": ""linear""}",,,95268,0.02683531817267923
182,2025-10-29T09:13:52.727926+00:00,949d5ae7ee704f22bab5d3bc5b2ac270.jpg,6581f70ce90a4c6090c5adc78f5559ae.jpg,image/jpeg,512,512,ai,0.5869153738021851,0.41308459639549255,0.5869153738021851,upload,44.43258299943409,"{""model_name"": ""swin_tiny_patch4_window7_224"", ""model_path"": ""models/regularized_finetune/model_swin_t_regularized.pth"", ""checksum"": ""8fb994d498dc"", ""head"": ""linear""}",,,34197,0.008947379916321998
181,2025-10-29T09:12:17.945180+00:00,92a6faa20998457f8cb53b7effb4588b.jpg,00ac3fb19ec742dc8b065cb6795acac8.jpg,image/jpeg,512,512,ai,0.8945720791816711,0.10542798042297363,0.8945720791816711,upload,184.7032500008936,"{""model_name"": ""swin_tiny_patch4_window7_224"", ""model_path"": ""models/regularized_finetune/model_swin_t_regularized.pth"", ""checksum"": ""8fb994d498dc"", ""head"": ""linear""}",,,78960,0.03580219044404871
180,2025-10-29T09:11:06.376204+00:00,92a6faa20998457f8cb53b7effb4588b.jpg,812cc3277b784c558bc8473a9a3f1207.jpg,image/jpeg,512,512,ai,0.8945720791816711,0.10542798042297363,0.8945720791816711,upload,38.03650000190828,"{""model_name"": ""swin_tiny_patch4_window7_224"", ""model_path"": ""models/regularized_finetune/model_swin_t_regularized.pth"", ""checksum"": ""8fb994d498dc"", ""head"": ""linear""}",,,78960,0.03580219044404871
179,2025-10-29T09:10:45.378514+00:00,92a6faa20998457f8cb53b7effb4588b.jpg,7b724bb8e52b40aea184f04cebe04ae7.jpg,image/jpeg,512,512,ai,0.8945720791816711,0.10542798042297363,0.8945720791816711,upload,109.08125000059954,"{""model_name"": ""swin_tiny_patch4_window7_224"", ""model_path"": ""models/regularized_finetune/model_swin_t_regularized.pth"", ""checksum"": ""8fb994d498dc"", ""head"": ""linear""}",,,78960,0.03580219044404871
178,2025-10-29T09:09:55.674315+00:00,1010172.jpg,50edb30511c04ee18f56a1e26c8c9504.jpg,image/jpeg,1798,1199,ai,0.9585049152374268,0.04149502515792847,0.9585049152374268,upload,70.99958400067408,"{""model_name"": ""swin_tiny_patch4_window7_224"", ""model_path"": ""models/regularized_finetune/model_swin_t_regularized.pth"", ""checksum"": ""8fb994d498dc"", ""head"": ""linear""}",,,392266,0.02395800800288127
177,2025-10-29T09:09:45.441117+00:00,real_00006.jpg,868723b49d45426686c1edf940ff246b.jpg,image/jpeg,600,600,ai,0.8819913864135742,0.11800853163003922,0.8819913864135742,upload,59.41466700096498,"{""model_name"": ""swin_tiny_patch4_window7_224"", ""model_path"": ""models/regularized_finetune/model_swin_t_regularized.pth"", ""checksum"": ""8fb994d498dc"", ""head"": ""linear""}",,,113294,0.03749837690631808
176,2025-10-29T09:09:39.370297+00:00,image-10.jpg,3b46348058a94ec6913309ba2a06b35e.jpg,image/jpeg,178,218,nature,0.2616783380508423,0.7383216023445129,0.7383216023445129,upload,38.87808299987228,"{""model_name"": ""swin_tiny_patch4_window7_224"", ""model_path"": ""models/regularized_finetune/model_swin_t_regularized.pth"", ""checksum"": ""8fb994d498dc"", ""head"": ""linear""}",,,7373,0.06718611988656921
175,2025-10-29T09:09:34.563864+00:00,image-9.jpg,57243f67b26c4c8fbf00ca843c7175c1.jpg,image/jpeg,178,218,nature,0.13373133540153503,0.8662686944007874,0.8662686944007874,upload,44.62658400007058,"{""model_name"": ""swin_tiny_patch4_window7_224"", ""model_path"": ""models/regularized_finetune/model_swin_t_regularized.pth"", ""checksum"": ""8fb994d498dc"", ""head"": ""linear""}",,,7156,0.07414962273951947
174,2025-10-29T09:09:29.992619+00:00,image-8.jpg,4b789b8537224d409790bb290a535ae6.jpg,image/jpeg,178,218,nature,0.32729005813598633,0.6727099418640137,0.6727099418640137,upload,36.12674999749288,"{""model_name"": ""swin_tiny_patch4_window7_224"", ""model_path"": ""models/regularized_finetune/model_swin_t_regularized.pth"", ""checksum"": ""8fb994d498dc"", ""head"": ""linear""}",,,7318,0.07364179152745523
173,2025-10-29T09:09:16.903151+00:00,1.jpg,dfdd3bfcba9a466f855daebea3709773.jpg,image/jpeg,2121,1414,ai,0.9586726427078247,0.04132736846804619,0.9586726427078247,upload,81.99058299942408,"{""model_name"": ""swin_tiny_patch4_window7_224"", ""model_path"": ""models/regularized_finetune/model_swin_t_regularized.pth"", ""checksum"": ""8fb994d498dc"", ""head"": ""linear""}",,,122426,0.013214913779778487
172,2025-10-29T09:09:08.810963+00:00,image (1).jpg,102c4ea0b24f419bac940e460ea2556e.jpg,image/jpeg,1529,2000,ai,0.9398121237754822,0.060187868773937225,0.9398121237754822,upload,209.07850000003236,"{""model_name"": ""swin_tiny_patch4_window7_224"", ""model_path"": ""models/regularized_finetune/model_swin_t_regularized.pth"", ""checksum"": ""8fb994d498dc"", ""head"": ""linear""}",,,337664,0.03213463496582413
171,2025-10-29T09:06:03.351671+00:00,image-4.jpg,64ae35b2ae694ac28c015758cd31f1b7.jpg,image/jpeg,1024,1024,ai,0.6490330696105957,0.3509669601917267,0.6490330696105957,upload,208.54845799840405,"{""model_name"": ""swin_tiny_patch4_window7_224"", ""model_path"": ""models/regularized_finetune/model_swin_t_regularized.pth"", ""checksum"": ""8fb994d498dc"", ""head"": ""linear""}",,,95268,0.02683531817267923
170,2025-10-29T09:02:59.663950+00:00,image-4.jpg,41d801b2e9d04de5b29f7e7c4df16cfe.jpg,image/jpeg,1024,1024,ai,0.6490330696105957,0.3509669601917267,0.6490330696105957,upload,248.19249999927706,"{""model_name"": ""swin_tiny_patch4_window7_224"", ""model_path"": ""models/regularized_finetune/model_swin_t_regularized.pth"", ""checksum"": ""8fb994d498dc"", ""head"": ""linear""}",,,95268,0.02683531817267923
169,2025-10-29T08:53:37.817011+00:00,image-11.jpg,6b2da5aa532540f0a85e478a33061caa.jpg,image/jpeg,178,218,nature,0.06996287405490875,0.9300372004508972,0.9300372004508972,upload,31.076584000402363,"{""model_name"": ""swin_tiny_patch4_window7_224"", ""model_path"": ""models/regularized_finetune/model_swin_t_regularized.pth"", ""checksum"": ""8fb994d498dc"", ""head"": ""linear""}",,,4880,0.028402873364581374
168,2025-10-29T08:53:33.086301+00:00,image-13.jpg,ba853ac09c3b41ed80564bb0f91a19d9.jpg,image/jpeg,178,218,nature,0.2525577247142792,0.7474423050880432,0.7474423050880432,upload,33.07804200085229,"{""model_name"": ""swin_tiny_patch4_window7_224"", ""model_path"": ""models/regularized_finetune/model_swin_t_regularized.pth"", ""checksum"": ""8fb994d498dc"", ""head"": ""linear""}",,,7052,0.07032830656229093
167,2025-10-29T08:53:23.719221+00:00,image.jpg,c22f1cc424684179ac9d21c7f383fe80.jpg,image/jpeg,178,218,nature,0.22885212302207947,0.7711478471755981,0.7711478471755981,upload,46.362083001440624,"{""model_name"": ""swin_tiny_patch4_window7_224"", ""model_path"": ""models/regularized_finetune/model_swin_t_regularized.pth"", ""checksum"": ""8fb994d498dc"", ""head"": ""linear""}",,,6902,0.0737050556744706
166,2025-10-29T08:53:08.705232+00:00,05-12-21-happy-people.jpg,45fb8e3418a3499c8169647d1d25f2a3.jpg,image/jpeg,1400,880,ai,0.9313812255859375,0.06861872971057892,0.9313812255859375,upload,356.90408300069976,"{""model_name"": ""swin_tiny_patch4_window7_224"", ""model_path"": ""models/regularized_finetune/model_swin_t_regularized.pth"", ""checksum"": ""8fb994d498dc"", ""head"": ""linear""}",,,97317,0.02835272154316272
165,2025-10-17T12:49:25.204458+00:00,1010172.jpg,cf02ed052c8b4c8a825517116a71a91c.jpg,image/jpeg,1798,1199,ai,0.9714391231536865,0.028560826554894447,0.9714391231536865,upload,201.50245800004996,"{""model_name"": ""swin_tiny_patch4_window7_224"", ""model_path"": ""models/regularized_training/model_swin_t_regularized.pth"", ""checksum"": ""3a9a2f9b6ec5"", ""head"": ""linear""}",,,392266,0.02395800800288127
164,2025-10-17T12:47:23.320183+00:00,1010172.jpg,f06f98a55a3a4aab9cafff67ae581586.jpg,image/jpeg,1798,1199,ai,0.9714391231536865,0.028560826554894447,0.9714391231536865,upload,200.16883400012375,"{""model_name"": ""swin_tiny_patch4_window7_224"", ""model_path"": ""models/regularized_training/model_swin_t_regularized.pth"", ""checksum"": ""3a9a2f9b6ec5"", ""head"": ""linear""}",,,392266,0.02395800800288127
163,2025-10-17T12:40:46.155082+00:00,image-3.jpg,aa8f598af9084be5af874a107d43786d.jpg,image/jpeg,1824,2208,ai,0.9798861145973206,0.020113911479711533,0.9798861145973206,upload,32.61999999995169,"{""model_name"": ""swin_tiny_patch4_window7_224"", ""model_path"": ""models/regularized_training/model_swin_t_regularized.pth"", ""checksum"": ""3a9a2f9b6ec5"", ""head"": ""linear""}",,,195978,0.008448608633957015
162,2025-10-17T12:40:23.089230+00:00,1200x0.jpg,61d5be81dfc147caa5b57b496062e4af.jpg,image/jpeg,1200,798,ai,0.96910560131073,0.0308944433927536,0.96910560131073,upload,33.80474999994476,"{""model_name"": ""swin_tiny_patch4_window7_224"", ""model_path"": ""models/regularized_training/model_swin_t_regularized.pth"", ""checksum"": ""3a9a2f9b6ec5"", ""head"": ""linear""}",,,41036,0.02048028568152407
161,2025-10-17T12:37:51.311798+00:00,05-12-21-happy-people.jpg,562755c822b84f72b3e3fc94adc3ba38.jpg,image/jpeg,1400,880,ai,0.9454948306083679,0.05450509861111641,0.9454948306083679,upload,31.142083999839087,"{""model_name"": ""swin_tiny_patch4_window7_224"", ""model_path"": ""models/regularized_training/model_swin_t_regularized.pth"", ""checksum"": ""3a9a2f9b6ec5"", ""head"": ""linear""}",,,97317,0.02835272154316272
160,2025-10-17T12:37:02.354794+00:00,1010172.jpg,e5fe1f4fbead4f43986bc8a974699b82.jpg,image/jpeg,1798,1199,ai,0.9714391231536865,0.028560826554894447,0.9714391231536865,upload,41.523625000081665,"{""model_name"": ""swin_tiny_patch4_window7_224"", ""model_path"": ""models/regularized_training/model_swin_t_regularized.pth"", ""checksum"": ""3a9a2f9b6ec5"", ""head"": ""linear""}",,,392266,0.02395800800288127
159,2025-10-17T12:35:03.731307+00:00,real_00006.jpg,6bc17d9478c54ea9b66df297fccd7df3.jpg,image/jpeg,600,600,ai,0.9748954772949219,0.02510450966656208,0.9748954772949219,upload,33.218125000075815,"{""model_name"": ""swin_tiny_patch4_window7_224"", ""model_path"": ""models/regularized_training/model_swin_t_regularized.pth"", ""checksum"": ""3a9a2f9b6ec5"", ""head"": ""linear""}",,,113294,0.03749837690631808
158,2025-10-17T11:40:45.218016+00:00,00001.jpg,cd64a3a17f2647b893e33ed96c6a329a.jpg,image/jpeg,600,600,ai,0.964409351348877,0.03559061512351036,0.964409351348877,upload,30.623333999983515,"{""model_name"": ""swin_tiny_patch4_window7_224"", ""model_path"": ""models/regularized_training/model_swin_t_regularized.pth"", ""checksum"": ""3a9a2f9b6ec5"", ""head"": ""linear""}",,,113848,0.0378877559912854
157,2025-10-17T11:39:38.085261+00:00,easy_171_1100.jpg,2eb1c81a9bee46d5b56f232dc192792c.jpg,image/jpeg,600,600,ai,0.9747649431228638,0.025235066190361977,0.9747649431228638,upload,116.20195800014699,"{""model_name"": ""swin_tiny_patch4_window7_224"", ""model_path"": ""models/regularized_training/model_swin_t_regularized.pth"", ""checksum"": ""3a9a2f9b6ec5"", ""head"": ""linear""}",,,112297,0.04518255991285403
156,2025-10-17T11:32:35.824097+00:00,image-15.jpg,29e73931469a40afa6936d8708431aeb.jpg,image/jpeg,800,800,ai,0.9709889888763428,0.029010996222496033,0.9709889888763428,upload,85.35174999997253,"{""model_name"": ""swin_tiny_patch4_window7_224"", ""model_path"": ""models/regularized_training/model_swin_t_regularized.pth"", ""checksum"": ""3a9a2f9b6ec5"", ""head"": ""linear""}",,,78321,0.03803491421568628
155,2025-10-17T11:31:50.180208+00:00,5812.jpg,232b8a5cf46c4149beb01dd63b0ca977.jpg,image/jpeg,512,512,nature,0.18025623261928558,0.819743812084198,0.819743812084198,upload,32.02379100002872,"{""model_name"": ""swin_tiny_patch4_window7_224"", ""model_path"": ""models/regularized_training/model_swin_t_regularized.pth"", ""checksum"": ""3a9a2f9b6ec5"", ""head"": ""linear""}",,,44849,0.014316110049977022
154,2025-10-17T11:31:45.297488+00:00,5753.jpg,a446d3cdb7e14e0aa8df506fda0393a1.jpg,image/jpeg,512,512,nature,0.04343537986278534,0.9565646648406982,0.9565646648406982,upload,24.443375000032574,"{""model_name"": ""swin_tiny_patch4_window7_224"", ""model_path"": ""models/regularized_training/model_swin_t_regularized.pth"", ""checksum"": ""3a9a2f9b6ec5"", ""head"": ""linear""}",,,32822,0.008809437471277574
153,2025-10-17T11:31:41.501714+00:00,5718.jpg,996e6175059649b3840df900ba326930.jpg,image/jpeg,512,512,nature,0.07774528861045837,0.922254741191864,0.922254741191864,upload,31.980458000020917,"{""model_name"": ""swin_tiny_patch4_window7_224"", ""model_path"": ""models/regularized_training/model_swin_t_regularized.pth"", ""checksum"": ""3a9a2f9b6ec5"", ""head"": ""linear""}",,,31768,0.006947954963235294
152,2025-10-17T11:31:37.394347+00:00,5705.jpg,50204566df304f4c9d8064849df8c395.jpg,image/jpeg,512,512,nature,0.28909069299697876,0.7109093070030212,0.7109093070030212,upload,26.007999999933418,"{""model_name"": ""swin_tiny_patch4_window7_224"", ""model_path"": ""models/regularized_training/model_swin_t_regularized.pth"", ""checksum"": ""3a9a2f9b6ec5"", ""head"": ""linear""}",,,106922,0.07409147374770221
151,2025-10-17T11:31:30.644237+00:00,2798.jpg,1be330258bc742c683bbfef48ceed8b3.jpg,image/jpeg,512,512,ai,0.8172476887702942,0.18275229632854462,0.8172476887702942,upload,31.779166999967856,"{""model_name"": ""swin_tiny_patch4_window7_224"", ""model_path"": ""models/regularized_training/model_swin_t_regularized.pth"", ""checksum"": ""3a9a2f9b6ec5"", ""head"": ""linear""}",,,53456,0.014895734599992341
150,2025-10-17T11:31:22.127651+00:00,2875.jpg,208d0c64a6ec4006b38911f3a84c5e1a.jpg,image/jpeg,512,512,nature,0.19196940958499908,0.8080305457115173,0.8080305457115173,upload,40.89733299997533,"{""model_name"": ""swin_tiny_patch4_window7_224"", ""model_path"": ""models/regularized_training/model_swin_t_regularized.pth"", ""checksum"": ""3a9a2f9b6ec5"", ""head"": ""linear""}",,,44176,0.01697519339767157
149,2025-10-17T11:31:16.725417+00:00,3100.jpg,e9cc576d45fe4898804bc14857e7408d.jpg,image/jpeg,512,512,ai,0.6208683252334595,0.3791317045688629,0.6208683252334595,upload,33.813916999974936,"{""model_name"": ""swin_tiny_patch4_window7_224"", ""model_path"": ""models/regularized_training/model_swin_t_regularized.pth"", ""checksum"": ""3a9a2f9b6ec5"", ""head"": ""linear""}",,,60453,0.017008239147709867
148,2025-10-17T11:31:10.824172+00:00,3145.jpg,26e519a683674390bd3b43d1ea0138c9.jpg,image/jpeg,512,512,nature,0.175922691822052,0.8240772485733032,0.8240772485733032,upload,30.262417000017194,"{""model_name"": ""swin_tiny_patch4_window7_224"", ""model_path"": ""models/regularized_training/model_swin_t_regularized.pth"", ""checksum"": ""3a9a2f9b6ec5"", ""head"": ""linear""}",,,31176,0.007075306013518689
147,2025-10-17T11:31:02.477884+00:00,3614.jpg,92a6faa20998457f8cb53b7effb4588b.jpg,image/jpeg,512,512,ai,0.7543284296989441,0.2456715852022171,0.7543284296989441,upload,23.694417000001522,"{""model_name"": ""swin_tiny_patch4_window7_224"", ""model_path"": ""models/regularized_training/model_swin_t_regularized.pth"", ""checksum"": ""3a9a2f9b6ec5"", ""head"": ""linear""}",,,78960,0.03580219044404871
146,2025-10-17T11:30:57.139519+00:00,3621.jpg,0ad1af695d564771b41910b83557a142.jpg,image/jpeg,512,512,ai,0.645458459854126,0.354541540145874,0.645458459854126,upload,31.02583399993364,"{""model_name"": ""swin_tiny_patch4_window7_224"", ""model_path"": ""models/regularized_training/model_swin_t_regularized.pth"", ""checksum"": ""3a9a2f9b6ec5"", ""head"": ""linear""}",,,68680,0.028185152540019916
145,2025-10-17T11:30:46.547610+00:00,3663.jpg,8da34d7330c9482c8912a44ace27afdc.jpg,image/jpeg,512,512,nature,0.2055215686559677,0.7944783568382263,0.7944783568382263,upload,25.11091700000634,"{""model_name"": ""swin_tiny_patch4_window7_224"", ""model_path"": ""models/regularized_training/model_swin_t_regularized.pth"", ""checksum"": ""3a9a2f9b6ec5"", ""head"": ""linear""}",,,58916,0.028731506946040136
144,2025-10-17T11:30:36.656381+00:00,3674.jpg,023a979c6fae4e9cb0d71cf989c1e95d.jpg,image/jpeg,512,512,ai,0.7956856489181519,0.20431435108184814,0.7956856489181519,upload,31.504709000046205,"{""model_name"": ""swin_tiny_patch4_window7_224"", ""model_path"": ""models/regularized_training/model_swin_t_regularized.pth"", ""checksum"": ""3a9a2f9b6ec5"", ""head"": ""linear""}",,,67037,0.021201399260876226
143,2025-10-17T11:29:56.227884+00:00,3755.jpg,450f8c925f7b4c8bbbf4c6c7a49c9aaf.jpg,image/jpeg,512,512,ai,0.8801162242889404,0.11988378316164017,0.8801162242889404,upload,22.900958000036553,"{""model_name"": ""swin_tiny_patch4_window7_224"", ""model_path"": ""models/regularized_training/model_swin_t_regularized.pth"", ""checksum"": ""3a9a2f9b6ec5"", ""head"": ""linear""}",,,64351,0.01956441542681526
142,2025-10-17T11:29:43.236815+00:00,3824.jpg,520d5cfc35624696a3e4a7bde90b3901.jpg,image/jpeg,512,512,ai,0.721510648727417,0.2784893810749054,0.721510648727417,upload,31.0330840000006,"{""model_name"": ""swin_tiny_patch4_window7_224"", ""model_path"": ""models/regularized_training/model_swin_t_regularized.pth"", ""checksum"": ""3a9a2f9b6ec5"", ""head"": ""linear""}",,,59165,0.018532337861902573
141,2025-10-17T11:29:37.471353+00:00,3841.jpg,fb6f42e40faf49e287973112f14935de.jpg,image/jpeg,512,512,ai,0.5055422186851501,0.49445775151252747,0.5055422186851501,upload,29.486542000086047,"{""model_name"": ""swin_tiny_patch4_window7_224"", ""model_path"": ""models/regularized_training/model_swin_t_regularized.pth"", ""checksum"": ""3a9a2f9b6ec5"", ""head"": ""linear""}",,,68211,0.03744622024835325
140,2025-10-17T11:29:31.405063+00:00,3845.jpg,44b1c781118b4637a8c6335835a77a31.jpg,image/jpeg,512,512,nature,0.1690218299627304,0.8309781551361084,0.8309781551361084,upload,30.676332999973965,"{""model_name"": ""swin_tiny_patch4_window7_224"", ""model_path"": ""models/regularized_training/model_swin_t_regularized.pth"", ""checksum"": ""3a9a2f9b6ec5"", ""head"": ""linear""}",,,44713,0.03186465992647059
139,2025-10-17T11:29:24.347769+00:00,3852.jpg,ed0a9d03a4b04cebbb344858605db917.jpg,image/jpeg,512,512,ai,0.7819115519523621,0.21808843314647675,0.7819115519523621,upload,31.088542000020425,"{""model_name"": ""swin_tiny_patch4_window7_224"", ""model_path"": ""models/regularized_training/model_swin_t_regularized.pth"", ""checksum"": ""3a9a2f9b6ec5"", ""head"": ""linear""}",,,62287,0.021239082486021753
138,2025-10-17T11:29:03.124201+00:00,5691.jpg,92e6bc2538414029b378c4129f4daf7b.jpg,image/jpeg,512,512,nature,0.12772561609745026,0.8722743988037109,0.8722743988037109,upload,33.54070800003228,"{""model_name"": ""swin_tiny_patch4_window7_224"", ""model_path"": ""models/regularized_training/model_swin_t_regularized.pth"", ""checksum"": ""3a9a2f9b6ec5"", ""head"": ""linear""}",,,81113,0.039800292370366114
137,2025-10-17T11:28:58.839489+00:00,5719.jpg,549d68ea96e04f8eaa69ce090c567b12.jpg,image/jpeg,512,512,nature,0.17957454919815063,0.8204254508018494,0.8204254508018494,upload,27.98933400003989,"{""model_name"": ""swin_tiny_patch4_window7_224"", ""model_path"": ""models/regularized_training/model_swin_t_regularized.pth"", ""checksum"": ""3a9a2f9b6ec5"", ""head"": ""linear""}",,,66220,0.033408714743221504
136,2025-10-17T11:28:52.642675+00:00,5980.jpg,84c1cf02e47545bf90a396472b504a44.jpg,image/jpeg,512,512,nature,0.03691701218485832,0.963083028793335,0.963083028793335,upload,29.625834000057694,"{""model_name"": ""swin_tiny_patch4_window7_224"", ""model_path"": ""models/regularized_training/model_swin_t_regularized.pth"", ""checksum"": ""3a9a2f9b6ec5"", ""head"": ""linear""}",,,53602,0.024062751321231618
135,2025-10-17T11:28:41.236062+00:00,4009.jpg,905c56e394924bf09440f211142ad99e.jpg,image/jpeg,512,512,nature,0.3166094422340393,0.6833906173706055,0.6833906173706055,upload,32.148416000040925,"{""model_name"": ""swin_tiny_patch4_window7_224"", ""model_path"": ""models/regularized_training/model_swin_t_regularized.pth"", ""checksum"": ""3a9a2f9b6ec5"", ""head"": ""linear""}",,,38554,0.011209375718060662
134,2025-10-17T11:28:27.346057+00:00,2820.jpg,72e25030115e48d2b58b494852f18029.jpg,image/jpeg,512,512,ai,0.5302242040634155,0.46977582573890686,0.5302242040634155,upload,25.67766599997867,"{""model_name"": ""swin_tiny_patch4_window7_224"", ""model_path"": ""models/regularized_training/model_swin_t_regularized.pth"", ""checksum"": ""3a9a2f9b6ec5"", ""head"": ""linear""}",,,60346,0.02562710631127451
133,2025-10-17T11:28:18.162655+00:00,2713.jpg,e6a0c4d7012443f1a4c63582a8751859.jpg,image/jpeg,512,512,ai,0.7338654398918152,0.2661345899105072,0.7338654398918152,upload,32.78562499997406,"{""model_name"": ""swin_tiny_patch4_window7_224"", ""model_path"": ""models/regularized_training/model_swin_t_regularized.pth"", ""checksum"": ""3a9a2f9b6ec5"", ""head"": ""linear""}",,,49730,0.015674815458409926
132,2025-10-17T11:28:00.236599+00:00,2256.jpg,d08aa0d9cebf454b8e4cd6c6cbd91fcc.jpg,image/jpeg,512,512,nature,0.3609731197357178,0.6390268802642822,0.6390268802642822,upload,33.66116699999111,"{""model_name"": ""swin_tiny_patch4_window7_224"", ""model_path"": ""models/regularized_training/model_swin_t_regularized.pth"", ""checksum"": ""3a9a2f9b6ec5"", ""head"": ""linear""}",,,36551,0.01847656848383885
131,2025-10-17T11:27:51.874235+00:00,2247.jpg,04acf752ab6046fc87a8a44138f82094.jpg,image/jpeg,512,512,nature,0.2474355548620224,0.7525643706321716,0.7525643706321716,upload,22.455540999999357,"{""model_name"": ""swin_tiny_patch4_window7_224"", ""model_path"": ""models/regularized_training/model_swin_t_regularized.pth"", ""checksum"": ""3a9a2f9b6ec5"", ""head"": ""linear""}",,,63736,0.027738294414445464
130,2025-10-17T11:27:41.574109+00:00,2144.jpg,1150229a85c6442b83d1a949d82dd664.jpg,image/jpeg,512,512,ai,0.7213207483291626,0.2786792516708374,0.7213207483291626,upload,24.42154200002733,"{""model_name"": ""swin_tiny_patch4_window7_224"", ""model_path"": ""models/regularized_training/model_swin_t_regularized.pth"", ""checksum"": ""3a9a2f9b6ec5"", ""head"": ""linear""}",,,74062,0.04761383954216452
129,2025-10-17T11:27:36.320582+00:00,2124.jpg,0883428950714eed9120399bfc9e98f4.jpg,image/jpeg,512,512,ai,0.5293416380882263,0.4706583619117737,0.5293416380882263,upload,31.000541000025805,"{""model_name"": ""swin_tiny_patch4_window7_224"", ""model_path"": ""models/regularized_training/model_swin_t_regularized.pth"", ""checksum"": ""3a9a2f9b6ec5"", ""head"": ""linear""}",,,54827,0.02326687083524816
128,2025-10-17T11:27:28.587895+00:00,2128.jpg,d386d7865f25440fb33cb38e79c9a964.jpg,image/jpeg,512,512,nature,0.21849457919597626,0.7815054059028625,0.7815054059028625,upload,26.53908400009186,"{""model_name"": ""swin_tiny_patch4_window7_224"", ""model_path"": ""models/regularized_training/model_swin_t_regularized.pth"", ""checksum"": ""3a9a2f9b6ec5"", ""head"": ""linear""}",,,42971,0.015320093491498162
127,2025-10-17T11:27:20.593068+00:00,2120.jpg,804663d97b9a4ecea344b8b8e1fdcef7.jpg,image/jpeg,512,512,nature,0.1183944121003151,0.8816056251525879,0.8816056251525879,upload,26.433958000041002,"{""model_name"": ""swin_tiny_patch4_window7_224"", ""model_path"": ""models/regularized_training/model_swin_t_regularized.pth"", ""checksum"": ""3a9a2f9b6ec5"", ""head"": ""linear""}",,,43432,0.013253470028147979
126,2025-10-17T11:27:13.042222+00:00,2072.jpg,27d76d51c08e4ae7982b5ee4333804b5.jpg,image/jpeg,512,512,ai,0.5931084752082825,0.40689149498939514,0.5931084752082825,upload,27.879332999987128,"{""model_name"": ""swin_tiny_patch4_window7_224"", ""model_path"": ""models/regularized_training/model_swin_t_regularized.pth"", ""checksum"": ""3a9a2f9b6ec5"", ""head"": ""linear""}",,,37476,0.020919485653147978
125,2025-10-17T11:27:07.519693+00:00,5997.jpg,88dad5b3997d4ddd957c09b8c0bb785d.jpg,image/jpeg,512,512,nature,0.12370828539133072,0.8762916922569275,0.8762916922569275,upload,40.443583999945076,"{""model_name"": ""swin_tiny_patch4_window7_224"", ""model_path"": ""models/regularized_training/model_swin_t_regularized.pth"", ""checksum"": ""3a9a2f9b6ec5"", ""head"": ""linear""}",,,76844,0.04327919155943628
124,2025-10-17T11:27:01.465665+00:00,5998.jpg,c204f8c96194461c96b1b279ca8f7806.jpg,image/jpeg,512,512,nature,0.11983101069927216,0.8801689743995667,0.8801689743995667,upload,31.822916000010082,"{""model_name"": ""swin_tiny_patch4_window7_224"", ""model_path"": ""models/regularized_training/model_swin_t_regularized.pth"", ""checksum"": ""3a9a2f9b6ec5"", ""head"": ""linear""}",,,74004,0.031272170122931986
123,2025-10-17T11:26:52.084941+00:00,2068.jpg,57108b5d90f94ccbad1bdf99fb068894.jpg,image/jpeg,512,512,ai,0.6010758876800537,0.3989240527153015,0.6010758876800537,upload,26.081666999971276,"{""model_name"": ""swin_tiny_patch4_window7_224"", ""model_path"": ""models/regularized_training/model_swin_t_regularized.pth"", ""checksum"": ""3a9a2f9b6ec5"", ""head"": ""linear""}",,,69114,0.0245822083716299
122,2025-10-17T11:26:46.196406+00:00,2054.jpg,50b5d14be7b045f3baf36e2984d5acb7.jpg,image/jpeg,512,512,ai,0.8166111707687378,0.1833888739347458,0.8166111707687378,upload,34.663833000024624,"{""model_name"": ""swin_tiny_patch4_window7_224"", ""model_path"": ""models/regularized_training/model_swin_t_regularized.pth"", ""checksum"": ""3a9a2f9b6ec5"", ""head"": ""linear""}",,,68615,0.024356901879404105
121,2025-10-17T11:26:39.840819+00:00,2047.jpg,e929f9b94a024f4fb60553db19400669.jpg,image/jpeg,512,512,nature,0.4170737564563751,0.582926332950592,0.582926332950592,upload,30.973249999988184,"{""model_name"": ""swin_tiny_patch4_window7_224"", ""model_path"": ""models/regularized_training/model_swin_t_regularized.pth"", ""checksum"": ""3a9a2f9b6ec5"", ""head"": ""linear""}",,,72319,0.03264009064319087
120,2025-10-17T11:26:30.728945+00:00,2037.jpg,f48b2059838e48f983c1afbdbe17317f.jpg,image/jpeg,512,512,nature,0.48605817556381226,0.5139418244361877,0.5139418244361877,upload,32.71008300004041,"{""model_name"": ""swin_tiny_patch4_window7_224"", ""model_path"": ""models/regularized_training/model_swin_t_regularized.pth"", ""checksum"": ""3a9a2f9b6ec5"", ""head"": ""linear""}",,,40618,0.00879971373314951
119,2025-10-17T11:26:23.464194+00:00,2013.jpg,7bfeaef4d81d4470b5bc9f8a331c6e4c.jpg,image/jpeg,512,512,ai,0.7441326379776001,0.2558673322200775,0.7441326379776001,upload,31.967041999962476,"{""model_name"": ""swin_tiny_patch4_window7_224"", ""model_path"": ""models/regularized_training/model_swin_t_regularized.pth"", ""checksum"": ""3a9a2f9b6ec5"", ""head"": ""linear""}",,,64610,0.023164053524241727
118,2025-10-17T11:26:15.327702+00:00,2007.jpg,4c7e8dce077f42bdaff652054a4b2eee.jpg,image/jpeg,512,512,ai,0.7673214077949524,0.2326786071062088,0.7673214077949524,upload,28.72504200001913,"{""model_name"": ""swin_tiny_patch4_window7_224"", ""model_path"": ""models/regularized_training/model_swin_t_regularized.pth"", ""checksum"": ""3a9a2f9b6ec5"", ""head"": ""linear""}",,,78366,0.040505203546262254
117,2025-10-17T11:26:01.777309+00:00,2000.jpg,838c9bee34b64c2eb347b0790c9cca90.jpg,image/jpeg,512,512,ai,0.7762393951416016,0.22376060485839844,0.7762393951416016,upload,34.57829199999196,"{""model_name"": ""swin_tiny_patch4_window7_224"", ""model_path"": ""models/regularized_training/model_swin_t_regularized.pth"", ""checksum"": ""3a9a2f9b6ec5"", ""head"": ""linear""}",,,62917,0.027152312035654106
116,2025-10-17T11:25:56.610727+00:00,5992.jpg,acc51cb5bfb4481da3814ca94dc216e5.jpg,image/jpeg,512,512,nature,0.12250456213951111,0.8774954080581665,0.8774954080581665,upload,26.11137499997085,"{""model_name"": ""swin_tiny_patch4_window7_224"", ""model_path"": ""models/regularized_training/model_swin_t_regularized.pth"", ""checksum"": ""3a9a2f9b6ec5"", ""head"": ""linear""}",,,50666,0.015217171463311887
115,2025-10-17T11:25:51.148828+00:00,5993.jpg,36320b740ea94dca905f917d73cd12f1.jpg,image/jpeg,512,512,nature,0.06957269459962845,0.9304273128509521,0.9304273128509521,upload,25.215375000016138,"{""model_name"": ""swin_tiny_patch4_window7_224"", ""model_path"": ""models/regularized_training/model_swin_t_regularized.pth"", ""checksum"": ""3a9a2f9b6ec5"", ""head"": ""linear""}",,,58411,0.024658861347273284
114,2025-10-17T11:25:41.980064+00:00,1981.jpg,52cf12f90ebd4d2ab21f3a97b834084c.jpg,image/jpeg,512,512,nature,0.42732593417167664,0.572674036026001,0.572674036026001,upload,30.749583999977403,"{""model_name"": ""swin_tiny_patch4_window7_224"", ""model_path"": ""models/regularized_training/model_swin_t_regularized.pth"", ""checksum"": ""3a9a2f9b6ec5"", ""head"": ""linear""}",,,50199,0.016819568708831188
113,2025-10-17T11:25:34.318529+00:00,1979.jpg,af729c8d0af24d0b8f49671573a6dc22.jpg,image/jpeg,512,512,nature,0.36167076230049133,0.6383291482925415,0.6383291482925415,upload,27.265250000027663,"{""model_name"": ""swin_tiny_patch4_window7_224"", ""model_path"": ""models/regularized_training/model_swin_t_regularized.pth"", ""checksum"": ""3a9a2f9b6ec5"", ""head"": ""linear""}",,,66419,0.022340138753255207
112,2025-10-17T11:25:18.465992+00:00,1977.jpg,cb9f3eb5db9c47709f1f89a0eac138cc.jpg,image/jpeg,512,512,ai,0.6939843893051147,0.3060155510902405,0.6939843893051147,upload,38.88783299998977,"{""model_name"": ""swin_tiny_patch4_window7_224"", ""model_path"": ""models/regularized_training/model_swin_t_regularized.pth"", ""checksum"": ""3a9a2f9b6ec5"", ""head"": ""linear""}",,,78860,0.04211268705480239
111,2025-10-17T11:23:12.067365+00:00,1.jpg,9d8e3b5108e94ddeb6ab1763da125236.jpg,image/jpeg,2121,1414,ai,0.9718753695487976,0.028124649077653885,0.9718753695487976,upload,154.91904200001727,"{""model_name"": ""swin_tiny_patch4_window7_224"", ""model_path"": ""models/regularized_training/model_swin_t_regularized.pth"", ""checksum"": ""3a9a2f9b6ec5"", ""head"": ""linear""}",,,122426,0.013214913779778487
110,2025-10-17T11:21:21.183002+00:00,image-4.jpg,f3ff6bdd11304b9b8aae74488fa76e56.jpg,image/jpeg,1024,1024,ai,0.9717476963996887,0.02825232222676277,0.9717476963996887,upload,276.3077090000081,"{""model_name"": ""swin_tiny_patch4_window7_224"", ""model_path"": ""models/regularized_training/model_swin_t_regularized.pth"", ""checksum"": ""3a9a2f9b6ec5"", ""head"": ""linear""}",,,95268,0.02683531817267923
109,2025-10-17T11:12:23.716517+00:00,image-4.jpg,39f25098c553493e9d052ae4e6231c8b.jpg,image/jpeg,1024,1024,ai,0.9717476963996887,0.02825232222676277,0.9717476963996887,upload,152.61137500056066,"{""model_name"": ""swin_tiny_patch4_window7_224"", ""model_path"": ""models/regularized_training/model_swin_t_regularized.pth"", ""checksum"": ""3a9a2f9b6ec5"", ""head"": ""linear""}",,,95268,0.02683531817267923
108,2025-10-17T11:10:09.331280+00:00,image-4.jpg,18b54a3b41834140a991aa3432277364.jpg,image/jpeg,1024,1024,ai,0.9717476963996887,0.02825232222676277,0.9717476963996887,upload,18.733499997324543,"{""model_name"": ""swin_tiny_patch4_window7_224"", ""model_path"": ""models/regularized_training/model_swin_t_regularized.pth"", ""checksum"": ""3a9a2f9b6ec5"", ""head"": ""linear""}",,,95268,0.02683531817267923
107,2025-10-17T11:09:25.688980+00:00,image-4.jpg,2ce4f2f237f64ce7931dd68c65e3bfdf.jpg,image/jpeg,1024,1024,ai,0.9717476963996887,0.02825232222676277,0.9717476963996887,upload,161.9223330017121,"{""model_name"": ""swin_tiny_patch4_window7_224"", ""model_path"": ""models/regularized_training/model_swin_t_regularized.pth"", ""checksum"": ""3a9a2f9b6ec5"", ""head"": ""linear""}",,,95268,0.02683531817267923
106,2025-10-17T11:03:10.222978+00:00,image-3.jpg,82bb868a56e84a1387927996ea15d989.jpg,image/jpeg,1824,2208,ai,0.9798861145973206,0.020113911479711533,0.9798861145973206,upload,33.59233299852349,"{""model_name"": ""swin_tiny_patch4_window7_224"", ""model_path"": ""models/regularized_training/model_swin_t_regularized.pth"", ""checksum"": ""3a9a2f9b6ec5"", ""head"": ""linear""}",,,195978,0.008448608633957015
105,2025-10-17T11:02:29.155162+00:00,image-3.jpg,22afcc30502c467bbd586899a06427ba.jpg,image/jpeg,1824,2208,ai,0.9798861145973206,0.020113911479711533,0.9798861145973206,upload,191.94995799989556,"{""model_name"": ""swin_tiny_patch4_window7_224"", ""model_path"": ""models/regularized_training/model_swin_t_regularized.pth"", ""checksum"": ""3a9a2f9b6ec5"", ""head"": ""linear""}",,,195978,0.008448608633957015
104,2025-10-17T10:58:48.313288+00:00,image-6.jpg,38ac3417f366439e837ae734a9a070d4.jpg,image/jpeg,178,218,nature,0.18457424640655518,0.8154256939888,0.8154256939888,upload,623.0199999990873,"{""model_name"": ""swin_tiny_patch4_window7_224"", ""model_path"": ""models/regularized_training/model_swin_t_regularized.pth"", ""checksum"": ""3a9a2f9b6ec5"", ""head"": ""linear""}",,,6031,0.07047130778917071
103,2025-10-17T10:48:01.441819+00:00,image-11.jpg,aa00c67af135478c8f6c5e60f7be59e8.jpg,image/jpeg,178,218,nature,0.041975561529397964,0.9580245018005371,0.9580245018005371,upload,199.87570800003596,"{""model_name"": ""swin_tiny_patch4_window7_224"", ""model_path"": ""models/regularized_training/model_swin_t_regularized.pth"", ""checksum"": ""3a9a2f9b6ec5"", ""head"": ""linear""}",,,4880,0.028402873364581374
102,2025-10-17T10:46:33.827267+00:00,image-9.jpg,aa0f86d4ca154760804e51d86784aa60.jpg,image/jpeg,178,218,nature,0.10913950949907303,0.8908604979515076,0.8908604979515076,upload,243.1655000000319,"{""model_name"": ""swin_tiny_patch4_window7_224"", ""model_path"": ""models/regularized_training/model_swin_t_regularized.pth"", ""checksum"": ""3a9a2f9b6ec5"", ""head"": ""linear""}",,,7156,0.07414962273951947
101,2025-10-17T10:37:10.118984+00:00,image-4.jpg,02aa523e064041fd9c754031180dbe4b.jpg,image/jpeg,1024,1024,ai,0.9717476963996887,0.02825232222676277,0.9717476963996887,upload,178.51295799846412,"{""model_name"": ""swin_tiny_patch4_window7_224"", ""model_path"": ""models/regularized_training/model_swin_t_regularized.pth"", ""checksum"": ""3a9a2f9b6ec5"", ""head"": ""linear""}",,,95268,0.02683531817267923
100,2025-10-17T10:32:36.826188+00:00,image-2.jpg,26cc927dd3fb4f25a0bdefc7043646bb.jpg,image/jpeg,1242,1894,ai,0.9766067862510681,0.023393232375383377,0.9766067862510681,upload,192.0597499993164,"{""model_name"": ""swin_tiny_patch4_window7_224"", ""model_path"": ""models/regularized_training/model_swin_t_regularized.pth"", ""checksum"": ""3a9a2f9b6ec5"", ""head"": ""linear""}",,,220224,0.023211985074770684
99,2025-10-17T10:26:59.508162+00:00,image-10.jpg,e87069c616d74e20ac463ffd2953832a.jpg,image/jpeg,178,218,nature,0.1897350549697876,0.8102649450302124,0.8102649450302124,upload,29.50129199962248,"{""model_name"": ""swin_tiny_patch4_window7_224"", ""model_path"": ""models/regularized_training/model_swin_t_regularized.pth"", ""checksum"": ""3a9a2f9b6ec5"", ""head"": ""linear""}",,,7373,0.06718611988656921
98,2025-10-17T10:26:47.692460+00:00,image-13.jpg,8ae0bb21b70b487dbc035f22e4d32dab.jpg,image/jpeg,178,218,nature,0.07898449897766113,0.9210155010223389,0.9210155010223389,upload,32.912541002588114,"{""model_name"": ""swin_tiny_patch4_window7_224"", ""model_path"": ""models/regularized_training/model_swin_t_regularized.pth"", ""checksum"": ""3a9a2f9b6ec5"", ""head"": ""linear""}",,,7052,0.07032830656229093
97,2025-10-17T10:26:42.632561+00:00,image.jpg,568ed50246fc42dd97e99511b896f659.jpg,image/jpeg,178,218,nature,0.09908609092235565,0.9009139537811279,0.9009139537811279,upload,30.593749997933628,"{""model_name"": ""swin_tiny_patch4_window7_224"", ""model_path"": ""models/regularized_training/model_swin_t_regularized.pth"", ""checksum"": ""3a9a2f9b6ec5"", ""head"": ""linear""}",,,6902,0.0737050556744706
96,2025-10-17T10:26:35.489249+00:00,image-14.jpg,d2f8d309f24541bf9387f33a3e3a2fe9.jpg,image/jpeg,178,218,nature,0.3163820803165436,0.6836179494857788,0.6836179494857788,upload,29.467374999512685,"{""model_name"": ""swin_tiny_patch4_window7_224"", ""model_path"": ""models/regularized_training/model_swin_t_regularized.pth"", ""checksum"": ""3a9a2f9b6ec5"", ""head"": ""linear""}",,,8101,0.09571956398269028
95,2025-10-17T10:26:30.847925+00:00,image-12.jpg,a9842c969c3c428f9c7896457bcac825.jpg,image/jpeg,178,218,nature,0.05531676486134529,0.9446832537651062,0.9446832537651062,upload,26.85958300207858,"{""model_name"": ""swin_tiny_patch4_window7_224"", ""model_path"": ""models/regularized_training/model_swin_t_regularized.pth"", ""checksum"": ""3a9a2f9b6ec5"", ""head"": ""linear""}",,,6788,0.04886771325373774
94,2025-10-17T10:26:25.493540+00:00,image-11.jpg,7d7d7dc80b0a42f080df5f9f3176cfd3.jpg,image/jpeg,178,218,nature,0.041975561529397964,0.9580245018005371,0.9580245018005371,upload,24.41395899950294,"{""model_name"": ""swin_tiny_patch4_window7_224"", ""model_path"": ""models/regularized_training/model_swin_t_regularized.pth"", ""checksum"": ""3a9a2f9b6ec5"", ""head"": ""linear""}",,,4880,0.028402873364581374
93,2025-10-17T10:26:16.912133+00:00,image (1).jpg,35819f2bd18f4da1bc700c7342e4696e.jpg,image/jpeg,1529,2000,ai,0.9725196361541748,0.027480436488986015,0.9725196361541748,upload,32.48712500135298,"{""model_name"": ""swin_tiny_patch4_window7_224"", ""model_path"": ""models/regularized_training/model_swin_t_regularized.pth"", ""checksum"": ""3a9a2f9b6ec5"", ""head"": ""linear""}",,,337664,0.03213463496582413
92,2025-10-17T10:26:11.100579+00:00,image-3.jpg,6c4bfe688e2248859606c0836e7917c5.jpg,image/jpeg,1824,2208,ai,0.9798861145973206,0.020113911479711533,0.9798861145973206,upload,25.131375001365086,"{""model_name"": ""swin_tiny_patch4_window7_224"", ""model_path"": ""models/regularized_training/model_swin_t_regularized.pth"", ""checksum"": ""3a9a2f9b6ec5"", ""head"": ""linear""}",,,195978,0.008448608633957015
91,2025-10-17T10:26:01.808880+00:00,image-7.jpg,aa15db9a32264332ae5d82333ccf9f1e.jpg,image/jpeg,178,218,nature,0.09521421790122986,0.9047857522964478,0.9047857522964478,upload,27.599416000157362,"{""model_name"": ""swin_tiny_patch4_window7_224"", ""model_path"": ""models/regularized_training/model_swin_t_regularized.pth"", ""checksum"": ""3a9a2f9b6ec5"", ""head"": ""linear""}",,,8167,0.07681722725168823
90,2025-10-17T10:25:41.415749+00:00,image-2.jpg,ff0ea8db35594e139fa0a5d9b320c195.jpg,image/jpeg,1242,1894,ai,0.9766067862510681,0.023393232375383377,0.9766067862510681,upload,1289.2777500019292,"{""model_name"": ""swin_tiny_patch4_window7_224"", ""model_path"": ""models/regularized_training/model_swin_t_regularized.pth"", ""checksum"": ""3a9a2f9b6ec5"", ""head"": ""linear""}",,,220224,0.023211985074770684
89,2025-10-15T06:41:07.172766+00:00,1855.jpg,2aa4750eb477465b92dc72cef197b62c.jpg,image/jpeg,512,512,ai,0.8450536131858826,0.15494641661643982,0.8450536131858826,upload,27.794042020104825,"{""model_name"": ""resnet18"", ""model_path"": ""models/regularized_training/regularized_general.pth"", ""checksum"": ""5f82e7df8cb0"", ""head"": ""seq_dropout""}",,,54929,0.023528259875727636
88,2025-10-15T06:39:21.869702+00:00,0786.jpg,b50774036d724be39af9d2e5c4984c1d.jpg,image/jpeg,512,512,ai,0.8786703944206238,0.12132968753576279,0.8786703944206238,upload,65.95358299091458,"{""model_name"": ""resnet18"", ""model_path"": ""models/regularized_training/regularized_general.pth"", ""checksum"": ""5f82e7df8cb0"", ""head"": ""seq_dropout""}",,,69811,0.03389478197284773
87,2025-10-15T06:35:50.013436+00:00,2824.jpg,56418389a30840eb9892e4291a501daf.jpg,image/jpeg,512,512,ai,0.5983235836029053,0.40167638659477234,0.5983235836029053,upload,31.25191602157429,"{""model_name"": ""resnet18"", ""model_path"": ""models/regularized_training/regularized_general.pth"", ""checksum"": ""5f82e7df8cb0"", ""head"": ""seq_dropout""}",,,58014,0.022126500746783087
86,2025-10-15T06:33:17.365476+00:00,2796.jpg,15d2703567af4a969a72cd53ada7a651.jpg,image/jpeg,512,512,ai,0.9479299187660217,0.05207015201449394,0.9479299187660217,upload,15.115875052288175,"{""model_name"": ""resnet18"", ""model_path"": ""models/regularized_training/regularized_general.pth"", ""checksum"": ""5f82e7df8cb0"", ""head"": ""seq_dropout""}",,,75417,0.02953640806908701
85,2025-10-15T06:33:13.461251+00:00,2800.jpg,947e43a9fc384ef394f93ef79c321032.jpg,image/jpeg,512,512,nature,0.12037383019924164,0.8796262145042419,0.8796262145042419,upload,21.985958970617503,"{""model_name"": ""resnet18"", ""model_path"": ""models/regularized_training/regularized_general.pth"", ""checksum"": ""5f82e7df8cb0"", ""head"": ""seq_dropout""}",,,67527,0.026827449424594058
84,2025-10-15T06:33:07.858309+00:00,2783.jpg,0ae676c7361840a396d65d3d9c5401a0.jpg,image/jpeg,512,512,nature,0.26744064688682556,0.732559323310852,0.732559323310852,upload,24.303749960381538,"{""model_name"": ""resnet18"", ""model_path"": ""models/regularized_training/regularized_general.pth"", ""checksum"": ""5f82e7df8cb0"", ""head"": ""seq_dropout""}",,,60842,0.03836943682502298
83,2025-10-15T06:32:51.723168+00:00,2733.jpg,a753767216cb450481591162f555c62b.jpg,image/jpeg,512,512,ai,0.8853804469108582,0.11461950838565826,0.8853804469108582,upload,17.62845803750679,"{""model_name"": ""resnet18"", ""model_path"": ""models/regularized_training/regularized_general.pth"", ""checksum"": ""5f82e7df8cb0"", ""head"": ""seq_dropout""}",,,48915,0.017514621510225183
82,2025-10-15T06:32:39.984296+00:00,2715.jpg,9b7bdc5768b648069148c486df4136cc.jpg,image/jpeg,512,512,ai,0.9531339406967163,0.04686608910560608,0.9531339406967163,upload,22.57416700012982,"{""model_name"": ""resnet18"", ""model_path"": ""models/regularized_training/regularized_general.pth"", ""checksum"": ""5f82e7df8cb0"", ""head"": ""seq_dropout""}",,,45789,0.019175106871361827
81,2025-10-15T06:31:41.767785+00:00,2688.jpg,8320c4b65aac4725975cbca2a99b82e1.jpg,image/jpeg,512,512,ai,0.8756917119026184,0.12430831044912338,0.8756917119026184,upload,213.88220897642896,"{""model_name"": ""resnet18"", ""model_path"": ""models/regularized_training/regularized_general.pth"", ""checksum"": ""5f82e7df8cb0"", ""head"": ""seq_dropout""}",,,56068,0.019425231335209864
80,2025-10-15T06:15:42.051955+00:00,2684.jpg,eaa32ad8c29148efa3848d192605763a.jpg,image/jpeg,512,512,ai,0.8224336504936218,0.1775662899017334,0.8224336504936218,upload,26.92575001856312,"{""model_name"": ""resnet18"", ""model_path"": ""models/regularized_training/regularized_general.pth"", ""checksum"": ""5f82e7df8cb0"", ""head"": ""seq_dropout""}",,,51797,0.015155687519148284
79,2025-10-15T06:15:32.860851+00:00,2683.jpg,46cfc84bfcf342589b934a3e734e2f7b.jpg,image/jpeg,512,512,ai,0.9235602021217346,0.076439768075943,0.9235602021217346,upload,22.497583995573223,"{""model_name"": ""resnet18"", ""model_path"": ""models/regularized_training/regularized_general.pth"", ""checksum"": ""5f82e7df8cb0"", ""head"": ""seq_dropout""}",,,50112,0.019157768698299632
78,2025-10-15T06:15:11.871989+00:00,2687.jpg,c97804e60d8f43cb9a20c87a08dcace4.jpg,image/jpeg,512,512,ai,0.8772807121276855,0.12271929532289505,0.8772807121276855,upload,23.511790961492807,"{""model_name"": ""resnet18"", ""model_path"": ""models/regularized_training/regularized_general.pth"", ""checksum"": ""5f82e7df8cb0"", ""head"": ""seq_dropout""}",,,62038,0.019069477156096814
77,2025-10-15T06:15:02.708488+00:00,2669.jpg,00d149a2fd6c49a799f191115c5f2f9c.jpg,image/jpeg,512,512,nature,0.44399574398994446,0.5560042262077332,0.5560042262077332,upload,16.903833020478487,"{""model_name"": ""resnet18"", ""model_path"": ""models/regularized_training/regularized_general.pth"", ""checksum"": ""5f82e7df8cb0"", ""head"": ""seq_dropout""}",,,49675,0.011778094721775429
76,2025-10-15T06:14:56.464096+00:00,2643.jpg,3f438c0b4915473986e2107b10477d14.jpg,image/jpeg,512,512,nature,0.2035624384880066,0.7964376211166382,0.7964376211166382,upload,184.3152089859359,"{""model_name"": ""resnet18"", ""model_path"": ""models/regularized_training/regularized_general.pth"", ""checksum"": ""5f82e7df8cb0"", ""head"": ""seq_dropout""}",,,63421,0.029303277707567403
75,2025-10-15T06:02:07.791057+00:00,2659.jpg,acbe4cd5eb2f4b09b4037f77ba786b20.jpg,image/jpeg,512,512,ai,0.8606585264205933,0.13934144377708435,0.8606585264205933,upload,191.4523330051452,"{""model_name"": ""resnet18"", ""model_path"": ""models/regularized_training/regularized_general.pth"", ""checksum"": ""5f82e7df8cb0"", ""head"": ""seq_dropout""}",,,63918,0.023581082213158702
74,2025-10-15T05:27:18.866694+00:00,2657.jpg,db5936397adb44b4901abb9200bcb875.jpg,image/jpeg,512,512,ai,0.9067155718803406,0.09328441321849823,0.9067155718803406,upload,16.189459012821317,"{""model_name"": ""resnet18"", ""model_path"": ""models/regularized_training/regularized_general.pth"", ""checksum"": ""5f82e7df8cb0"", ""head"": ""seq_dropout""}",,,54852,0.013951933617685356
73,2025-10-15T05:27:10.550066+00:00,6000.jpg,76c583aff3c64ce89797239c0d16d9fd.jpg,image/jpeg,512,512,nature,0.02642855979502201,0.9735714197158813,0.9735714197158813,upload,16.6949579725042,"{""model_name"": ""resnet18"", ""model_path"": ""models/regularized_training/regularized_general.pth"", ""checksum"": ""5f82e7df8cb0"", ""head"": ""seq_dropout""}",,,35310,0.00911419438380821
72,2025-10-15T05:27:00.553328+00:00,5981.jpg,f2847235fd8e46a69e16bbdffce4d513.jpg,image/jpeg,512,512,nature,0.021709363907575607,0.9782906174659729,0.9782906174659729,upload,17.654291994404048,"{""model_name"": ""resnet18"", ""model_path"": ""models/regularized_training/regularized_general.pth"", ""checksum"": ""5f82e7df8cb0"", ""head"": ""seq_dropout""}",,,68074,0.022105751785577513
71,2025-10-15T05:26:52.170749+00:00,5986.jpg,d73a014ac2dc4f188f6e8dbd3cf3002e.jpg,image/jpeg,512,512,nature,0.10700803995132446,0.8929920196533203,0.8929920196533203,upload,19.5131249492988,"{""model_name"": ""resnet18"", ""model_path"": ""models/regularized_training/regularized_general.pth"", ""checksum"": ""5f82e7df8cb0"", ""head"": ""seq_dropout""}",,,62730,0.031179899327895222
70,2025-10-15T05:26:39.389446+00:00,5980.jpg,7e0f58f7652d46df8455366229f66d23.jpg,image/jpeg,512,512,nature,0.022493261843919754,0.9775067567825317,0.9775067567825317,upload,17.25650002481416,"{""model_name"": ""resnet18"", ""model_path"": ""models/regularized_training/regularized_general.pth"", ""checksum"": ""5f82e7df8cb0"", ""head"": ""seq_dropout""}",,,53602,0.024062751321231618
69,2025-10-15T05:26:25.488052+00:00,5985.jpg,e2bd6eb9ce7b443781b0467ac8dcf5bd.jpg,image/jpeg,512,512,nature,0.036916911602020264,0.9630830883979797,0.9630830883979797,upload,28.10754196252674,"{""model_name"": ""resnet18"", ""model_path"": ""models/regularized_training/regularized_general.pth"", ""checksum"": ""5f82e7df8cb0"", ""head"": ""seq_dropout""}",,,44346,0.012267512901156557
68,2025-10-15T05:20:53.922195+00:00,5974.jpg,23fa7e45a2e042b68ccbc4f470c3b821.jpg,image/jpeg,512,512,nature,0.0315786749124527,0.9684213399887085,0.9684213399887085,upload,173.32587501732633,"{""model_name"": ""resnet18"", ""model_path"": ""models/regularized_training/regularized_general.pth"", ""checksum"": ""5f82e7df8cb0"", ""head"": ""seq_dropout""}",,,57709,0.02004719154507506
67,2025-10-15T05:15:40.932480+00:00,5973.jpg,c3ea342ab0be4b518b5f29315f5c720c.jpg,image/jpeg,512,512,nature,0.24574485421180725,0.7542551159858704,0.7542551159858704,upload,21.064833039417863,"{""model_name"": ""resnet18"", ""model_path"": ""models/regularized_training/regularized_general.pth"", ""checksum"": ""5f82e7df8cb0"", ""head"": ""seq_dropout""}",,,28581,0.018627735212737438
66,2025-10-15T05:15:28.557641+00:00,5957.jpg,42ee1f625ee64abd990f210573900564.jpg,image/jpeg,512,512,nature,0.36621350049972534,0.6337864995002747,0.6337864995002747,upload,167.3398750135675,"{""model_name"": ""resnet18"", ""model_path"": ""models/regularized_training/regularized_general.pth"", ""checksum"": ""5f82e7df8cb0"", ""head"": ""seq_dropout""}",,,34805,0.01919263951918658
65,2025-10-15T05:11:09.179335+00:00,image (1).jpg,e549d0e044c64f749790fb140380c49b.jpg,image/jpeg,1529,2000,ai,0.9553037285804749,0.044696319848299026,0.9553037285804749,upload,175.237208022736,"{""model_name"": ""resnet18"", ""model_path"": ""models/regularized_training/regularized_general.pth"", ""checksum"": ""5f82e7df8cb0"", ""head"": ""seq_dropout""}",,,337664,0.03213463496582413
64,2025-10-15T04:59:02.185956+00:00,1.jpg,c323f15cd93542a98ad9b233bd53a1f2.jpg,image/jpeg,2121,1414,ai,0.9619747996330261,0.038025181740522385,0.9619747996330261,upload,230.68008304107934,"{""model_name"": ""resnet18"", ""model_path"": ""models/regularized_training/regularized_general.pth"", ""checksum"": ""5f82e7df8cb0"", ""head"": ""seq_dropout""}",,,122426,0.013214913779778487
63,2025-10-15T04:48:40.722717+00:00,image-2.jpg,4716efae2b664123a4735880e4dd910e.jpg,image/jpeg,1242,1894,ai,0.9559311866760254,0.04406875744462013,0.9559311866760254,upload,214.31254199706018,"{""model_name"": ""resnet18"", ""model_path"": ""models/regularized_training/regularized_general.pth"", ""checksum"": ""5f82e7df8cb0"", ""head"": ""seq_dropout""}",,,,
62,2025-10-15T04:24:00.387211+00:00,2664.jpg,fea3dcc456064e7d966e9f16cfec3f0e.jpg,image/jpeg,512,512,ai,0.8952730298042297,0.10472694039344788,0.8952730298042297,upload,,,,,,
61,2025-10-15T04:23:51.187746+00:00,2654.jpg,3ce320af88d1478f9ed28f354a6c68b2.jpg,image/jpeg,512,512,ai,0.9343867897987366,0.06561321765184402,0.9343867897987366,upload,,,,,,
60,2025-10-15T04:23:45.739092+00:00,2647.jpg,b33be46859cf4aab8d783a17fffca6b0.jpg,image/jpeg,512,512,nature,0.17234408855438232,0.8276559114456177,0.8276559114456177,upload,,,,,,
59,2025-10-15T04:22:12.239423+00:00,2646.jpg,aeb59eddf9494813ba5f9005ae4f4e27.jpg,image/jpeg,512,512,ai,0.9580225348472595,0.04197752848267555,0.9580225348472595,upload,,,,,,
58,2025-10-15T04:22:07.329175+00:00,2631.jpg,cdbc2fd07ce743f48465eb8d8246536b.jpg,image/jpeg,512,512,ai,0.811881959438324,0.18811804056167603,0.811881959438324,upload,,,,,,
57,2025-10-15T04:22:01.994909+00:00,2617.jpg,610ddaaae9bf49af8a0b20d7afd367c5.jpg,image/jpeg,512,512,nature,0.12967272102832794,0.8703272938728333,0.8703272938728333,upload,,,,,,
56,2025-10-15T04:21:55.076302+00:00,2580.jpg,ce41f554a2344c3291243fcd17358fdb.jpg,image/jpeg,512,512,ai,0.905430793762207,0.09456924349069595,0.905430793762207,upload,,,,,,
55,2025-10-15T04:21:50.907324+00:00,2575.jpg,bc2e28c72d7f4498881e3fa48f3e63bd.jpg,image/jpeg,512,512,nature,0.04619792848825455,0.9538020491600037,0.9538020491600037,upload,,,,,,
54,2025-10-15T04:21:46.735477+00:00,2544.jpg,adfc22c75d7e4cb2a757c25129f285d4.jpg,image/jpeg,512,512,ai,0.8621806502342224,0.13781936466693878,0.8621806502342224,upload,,,,,,
53,2025-10-15T04:21:40.438269+00:00,2528.jpg,01a39f308b304ebbb2235f8984faa61c.jpg,image/jpeg,512,512,nature,0.10762765258550644,0.8923723697662354,0.8923723697662354,upload,,,,,,
52,2025-10-15T04:21:35.612889+00:00,2520.jpg,c5b121dc5bb54fe0801e4ea845430210.jpg,image/jpeg,512,512,nature,0.37569770216941833,0.6243022084236145,0.6243022084236145,upload,,,,,,
51,2025-10-15T04:21:32.178562+00:00,2524.jpg,8336f5f52a0e4c318b62f23fab61ca00.jpg,image/jpeg,512,512,ai,0.9394488334655762,0.06055118888616562,0.9394488334655762,upload,,,,,,
50,2025-10-15T04:21:28.666983+00:00,2517.jpg,91297db1a06a4349860c0093f4a1ecdf.jpg,image/jpeg,512,512,ai,0.9135913848876953,0.08640861511230469,0.9135913848876953,upload,,,,,,
49,2025-10-15T04:21:24.508150+00:00,2518.jpg,c39ee4a7f777426d90739cb98e317fc1.jpg,image/jpeg,512,512,nature,0.19136002659797668,0.8086400032043457,0.8086400032043457,upload,,,,,,
48,2025-10-15T04:21:13.048574+00:00,2361.jpg,eabd2db5bfe24035abdd8ad02833643a.jpg,image/jpeg,512,512,ai,0.9227666854858398,0.07723332196474075,0.9227666854858398,upload,,,,,,
47,2025-10-15T04:21:08.871190+00:00,2362.jpg,4fc27fc98d9d497095d93651dae9cb9b.jpg,image/jpeg,512,512,ai,0.5178105235099792,0.4821895360946655,0.5178105235099792,upload,,,,,,
46,2025-10-15T04:21:04.084649+00:00,2370.jpg,949d5ae7ee704f22bab5d3bc5b2ac270.jpg,image/jpeg,512,512,ai,0.9084451794624329,0.09155487269163132,0.9084451794624329,upload,,,,,,
45,2025-10-15T04:20:56.242306+00:00,2303.jpg,bf413ba570904dc18b0e7cc14619b7a1.jpg,image/jpeg,512,512,ai,0.9643300771713257,0.03566988557577133,0.9643300771713257,upload,,,,,,
44,2025-10-15T04:20:44.529874+00:00,5969.jpg,b19a7c58fd7d4ba9bde2bd877854398a.jpg,image/jpeg,512,512,nature,0.052372246980667114,0.9476277232170105,0.9476277232170105,upload,,,,,,
43,2025-10-15T04:20:39.676365+00:00,5973.jpg,f196658d5b30468db8ed62cef23fef5b.jpg,image/jpeg,512,512,nature,0.24574485421180725,0.7542551159858704,0.7542551159858704,upload,,,,,,
42,2025-10-15T04:20:35.365119+00:00,5958.jpg,9ddef5831c1d4a3f84ecc1694af9d0f4.jpg,image/jpeg,512,512,nature,0.069765605032444,0.9302343726158142,0.9302343726158142,upload,,,,,,
41,2025-10-15T04:20:27.957365+00:00,2148.jpg,a744c7b644954c4aa490d55943c76b52.jpg,image/jpeg,512,512,ai,0.9680150151252747,0.031984977424144745,0.9680150151252747,upload,,,,,,
40,2025-10-15T04:20:23.416017+00:00,2043.jpg,63f780255c69435390fb914e8513fa59.jpg,image/jpeg,512,512,ai,0.9686166644096375,0.03138333559036255,0.9686166644096375,upload,,,,,,
39,2025-10-15T04:20:17.255025+00:00,2020.jpg,50b286b4942c4ab9bc197547b45e6df7.jpg,image/jpeg,512,512,ai,0.9471977949142456,0.0528021976351738,0.9471977949142456,upload,,,,,,
38,2025-10-15T04:20:09.152575+00:00,1915.jpg,ceef98da26b54edeaf6bcad8a19c7387.jpg,image/jpeg,512,512,ai,0.889866054058075,0.11013391613960266,0.889866054058075,upload,,,,,,
37,2025-10-15T04:20:03.801906+00:00,1887.jpg,96217c7716524f179d1c642bdf45c99e.jpg,image/jpeg,512,512,ai,0.8387650847434998,0.16123490035533905,0.8387650847434998,upload,,,,,,
36,2025-10-15T04:19:58.997616+00:00,5923.jpg,2e4c394885fb4fe4ac680f161d684f59.jpg,image/jpeg,512,512,nature,0.026267515495419502,0.9737324714660645,0.9737324714660645,upload,,,,,,
35,2025-10-15T04:19:53.312624+00:00,5907.jpg,90e6b6c3fca9487481bede639bef8f85.jpg,image/jpeg,512,512,nature,0.05113620683550835,0.9488638043403625,0.9488638043403625,upload,,,,,,
34,2025-10-15T04:19:47.705445+00:00,1859.jpg,be73cf6d01774dc39332822ec135f220.jpg,image/jpeg,512,512,nature,0.46803757548332214,0.5319623947143555,0.5319623947143555,upload,,,,,,
33,2025-10-15T04:19:43.325161+00:00,1832.jpg,ec95e855f0cd4722b7b9e56f8d27bf93.jpg,image/jpeg,512,512,ai,0.9745960235595703,0.025403980165719986,0.9745960235595703,upload,,,,,,
32,2025-10-15T04:19:37.749578+00:00,5888.jpg,bcfd182af3c44cc7933b588a189fdc9e.jpg,image/jpeg,512,512,nature,0.04817761853337288,0.9518224000930786,0.9518224000930786,upload,,,,,,
31,2025-10-15T04:19:30.424313+00:00,5781.jpg,dfd72a1bfb7248fe89516d6900fa018f.jpg,image/jpeg,512,512,nature,0.07052463293075562,0.9294753670692444,0.9294753670692444,upload,,,,,,
30,2025-10-15T04:19:24.922067+00:00,5639.jpg,0f64d79359604b249f4378c9332d44ca.jpg,image/jpeg,512,512,nature,0.09227587282657623,0.9077240824699402,0.9077240824699402,upload,,,,,,
29,2025-10-15T04:19:15.145724+00:00,1775.jpg,eb43e577e37d46b18ede7e034322b858.jpg,image/jpeg,512,512,ai,0.9537715911865234,0.04622839391231537,0.9537715911865234,upload,,,,,,
28,2025-10-15T04:19:11.755798+00:00,1776.jpg,feeff70259fb404f97a035050b08e2ad.jpg,image/jpeg,512,512,ai,0.9267773032188416,0.07322274148464203,0.9267773032188416,upload,,,,,,
27,2025-10-15T04:19:07.575109+00:00,1738.jpg,0f0218f7bb1e45a8b5ead46744d8121d.jpg,image/jpeg,512,512,ai,0.6195045113563538,0.38049551844596863,0.6195045113563538,upload,,,,,,
26,2025-10-15T04:18:59.833118+00:00,1643.jpg,66eddf84425e4b288ef9e5320a39ee0e.jpg,image/jpeg,512,512,ai,0.942164421081543,0.05783562362194061,0.942164421081543,upload,,,,,,
25,2025-10-15T04:18:55.186033+00:00,1616.jpg,6c84bd55b6fe431b98884aee8ca97dd4.jpg,image/jpeg,512,512,ai,0.8912618160247803,0.10873820632696152,0.8912618160247803,upload,,,,,,
24,2025-10-15T04:18:47.765577+00:00,1609.jpg,f1cef4cee5c14cb9ab075f45d0bdf132.jpg,image/jpeg,512,512,nature,0.40155115723609924,0.5984488129615784,0.5984488129615784,upload,,,,,,
23,2025-10-15T04:18:43.108008+00:00,1602.jpg,3da74d822b9c46b59894abd970021b75.jpg,image/jpeg,512,512,ai,0.9528585076332092,0.047141510993242264,0.9528585076332092,upload,,,,,,
22,2025-10-15T04:18:37.377938+00:00,5572.jpg,d5aeb569a57640e69e22e54d85d78efc.jpg,image/jpeg,512,512,nature,0.16396267712116241,0.8360373377799988,0.8360373377799988,upload,,,,,,
21,2025-10-15T04:18:31.792987+00:00,5556.jpg,9e4962d8a5d5424db01948894223a47b.jpg,image/jpeg,512,512,ai,0.550774335861206,0.4492257237434387,0.550774335861206,upload,,,,,,
20,2025-10-15T04:18:14.903515+00:00,4736.jpg,e6e23a0dd22a45aa9b73ba0afe54533f.jpg,image/jpeg,512,512,nature,0.0295984148979187,0.9704015254974365,0.9704015254974365,upload,,,,,,
19,2025-10-15T04:18:00.693869+00:00,4517.jpg,9b05f3b5f5d34fcf825bd22857d72acb.jpg,image/jpeg,512,512,nature,0.0337277315557003,0.9662722945213318,0.9662722945213318,upload,,,,,,
18,2025-10-15T04:17:55.366935+00:00,1588.jpg,f5039d285e6845099d93b46242181766.jpg,image/jpeg,512,512,ai,0.5916891694068909,0.40831080079078674,0.5916891694068909,upload,,,,,,
17,2025-10-15T04:17:49.035051+00:00,4469.jpg,f0361d277065484f9acfa8aa73ba17b6.jpg,image/jpeg,512,512,nature,0.16250938177108765,0.8374905586242676,0.8374905586242676,upload,,,,,,
16,2025-10-15T04:17:43.348193+00:00,4449.jpg,88474eff46c84998824806bda67b4bce.jpg,image/jpeg,512,512,nature,0.03836199641227722,0.9616380333900452,0.9616380333900452,upload,,,,,,
15,2025-10-15T04:17:38.039017+00:00,1575.jpg,7426eb96db7e4387964757ce9e7b7468.jpg,image/jpeg,512,512,ai,0.7781860828399658,0.22181390225887299,0.7781860828399658,upload,,,,,,
14,2025-10-15T04:17:34.828994+00:00,1574.jpg,b904db641e424cd095390c3b98bdf73e.jpg,image/jpeg,512,512,ai,0.7671615481376648,0.23283837735652924,0.7671615481376648,upload,,,,,,
13,2025-10-15T04:17:32.422881+00:00,1573.jpg,41265cbf93774ad496ecca1243dd7ec4.jpg,image/jpeg,512,512,ai,0.8525348901748657,0.14746512472629547,0.8525348901748657,upload,,,,,,
12,2025-10-15T04:17:25.261673+00:00,1539.jpg,e65809afbbc841f494f274df90897ba0.jpg,image/jpeg,512,512,ai,0.9569529891014099,0.043046969920396805,0.9569529891014099,upload,,,,,,
11,2025-10-15T04:17:04.108767+00:00,4387.jpg,f0f13971d8ba4049b779ea52ec5ca87c.jpg,image/jpeg,512,512,nature,0.032805632799863815,0.9671943187713623,0.9671943187713623,upload,,,,,,
10,2025-10-15T04:16:58.435748+00:00,4275.jpg,863ecd0b04e24162be93adf87a50b0c9.jpg,image/jpeg,512,512,nature,0.4985889196395874,0.5014110803604126,0.5014110803604126,upload,,,,,,
9,2025-10-15T04:16:54.146649+00:00,4250.jpg,0b7f29f099dc4e7893c1804a895fc9d0.jpg,image/jpeg,512,512,nature,0.14309297502040863,0.8569070100784302,0.8569070100784302,upload,,,,,,
8,2025-10-15T04:14:27.104735+00:00,image-14.jpg,8d1dfe06112a4a628eebf6f10d7f55e7.jpg,image/jpeg,178,218,ai,0.8915911912918091,0.10840880125761032,0.8915911912918091,upload,,,,,,
7,2025-10-15T04:14:18.601182+00:00,image-7.jpg,4cf645c7fe5c42869d595576111358d2.jpg,image/jpeg,178,218,ai,0.5027957558631897,0.4972042441368103,0.5027957558631897,upload,,,,,,
6,2025-10-15T04:13:30.278905+00:00,image-8.jpg,88e6df257cc34d7d9283de3418c61ef4.jpg,image/jpeg,178,218,nature,0.04760555922985077,0.952394425868988,0.952394425868988,upload,,,,,,
5,2025-10-15T04:13:23.136173+00:00,image-5.jpg,d7f410d20dcd4ab686236b083bc059ba.jpg,image/jpeg,178,218,nature,0.09904032945632935,0.9009596109390259,0.9009596109390259,upload,,,,,,
4,2025-10-15T04:13:12.679145+00:00,image-12.jpg,6905f62c10c14bcf9f79b53b371e7634.jpg,image/jpeg,178,218,nature,0.08740692585706711,0.9125931262969971,0.9125931262969971,upload,,,,,,
3,2025-10-15T04:13:02.099725+00:00,image-4.jpg,903a1c7ad4b94bceb61bd87e80bc6382.jpg,image/jpeg,1024,1024,ai,0.9183996319770813,0.08160040527582169,0.9183996319770813,upload,,,,,,
2,2025-10-15T04:12:55.361620+00:00,image-3.jpg,5e22e8f3712046409c96bec97a0d8195.jpg,image/jpeg,1824,2208,ai,0.9630979299545288,0.036902058869600296,0.9630979299545288,upload,,,,,,
1,2025-10-15T04:12:41.353650+00:00,image-2.jpg,6be4c3fb2cd64970904bc71fa533ccd4.jpg,image/jpeg,1242,1894,ai,0.9559311866760254,0.04406875744462013,0.9559311866760254,upload,,,,,,
